job_id,title,company,job_description
3655773363,Employee Services Workday Associate,Netflix,"Netflix is the world's leading streaming entertainment service with 236 million paid memberships in over 234 countries enjoying TV series, documentaries, feature films, and mobile games across a wide variety of genres and languages. Members can watch as much as they want, anytime, anywhere, on any Internet-connected screen. Members can play, pause and resume watching, all without commercials or commitments.This position is part of the HR Shared Services team, operating in the role as the main point of contact for all HR inquiries from initial request through fulfillment, and will partner with our local and regional talent teams to identify solutions and resolve employee issues in a timely fashion (focused on Workday transactions and data input & accuracy). You will be expected to be independent and proactive, with a customer service mindset and great stakeholder management skills.ResponsibilitiesEnsure the accuracy of employee data through the management of employee systems and processesYou will assist with programs that reach all employees, ensuring they run smoothly, so employees can focus on doing the best work of their lives.You will have the opportunity to learn new tools and techniques that can then be applied to simplify, optimize and automate work across our Talent organizationHelp create, author and manage our HR knowledge base for our employeesAssist with analyzing, intaking and operationalizing new employee services (from pre-hire to offboarding)Performs system and testing audits as requested for data accuracy, integrity, and functionality; analyzes and document results and discrepanciesQualificationsDemonstrated proficiency with Workday HCM toolDemonstrated proficiency in Mass Uploads (EIB).Demonstrated project management, communication, and customer service skills.Strong analytical skills, including intermediate to advanced proficiency in sheets/excel.Strong attention to detail and the ability to deliver results in a fast-paced, high-growth environment.Ability to problem solve by using rigorous logic and methods to solve difficult problems.A degree in HR, Business, IT, or a related field is preferred but not required.Experience in Workday Data Analyst, HR discipline or as a HR Generalist (A plus!).Experience with Zendesk ticket system (A plus!)."
3650179332,Software Engineer (L4) - Developer Tools & Infrastructure,Netflix,"The TeamThe TV Client Foundations team aims to provide a holistic, world-class experience for creating TV applications, including Netflix’s flagship streaming app. We enable engineers to deliver product initiatives that bring joy to people worldwide by focusing on a high-quality, high-velocity, joyful developer experience.We’re passionate about UI, ergonomics, performance, and high-quality developer experiences. We partner closely with UI Engineering, Design, Platform, and tooling teams to delight millions of customers worldwide on hundreds of different TV devices, from game consoles to smart TVs to cable boxes.We celebrate diversity of identities, ideas, backgrounds, and experiences. We believe our best work stems from fostering safety & trust and enabling each of us to be our authentic selves. We selflessly use our unique strengths to support one another and help each other grow.We have a distributed team with teammates across the US. While some of us are in person, the team is committed to ensuring remote work is a collaborative and productive experience for everyone, regardless of where you commit code.The RoleThis role is focused on infrastructure tools and automation through the lens of creating a great developer experience.While the role is focused on tools and automation, the team supports an exciting scope of work that spans unlocking TV capabilities, integrating UI frameworks, enhancing devex through tools & workflows, improving performance & quality, creating component libraries, connecting with design systems, and defining platform patterns & practices. We believe in creating opportunities to contribute beyond roles and across team lines, and the breadth of scope in the team is full of opportunities to explore and grow.YouOur team members excel when they are curious, growth-oriented, and collaborative. We take a customer-centric approach to our work, so listening, learning, and adapting are essential. We assume good intent and consistently seek to improve ourselves and our solutions. There are no absolutes, and we must remain flexible to meet the needs of our customers and the business, so “strong opinions loosely held” is a valued attribute within the team.If this resonates with you, we’d love to talk!Some useful experience includes (though we don’t expect you’ll match all of these)Building developer toolsTypeScript/JavascriptWebpack, TurboPack, SWC, etc configuration or contributionBuild/lint/code tooling configuration or contributionBuilding VS Code extensionsMonorepo managementIntegrating with CI systemsTest and infra automationDashboards and alertingRemote dev environmentsRust, Go,or WebAssemblyWhat’s Different About UsScale, Impact: You’ll enable over 70 engineers to create best-in-class streaming UIs used by hundreds of millions of members across a broad spectrum of devices worldwide.Unique Technical Problems: While our stack is primarily JavaScript and TypeScript, you’ll build on our custom TV platform with unique constraints and capabilities.Collaboration and Communication: It’s not all about the tech. We highly value the skills required to build strong relationships and collaborate effectively.Freedom, Responsibility, Ownership: We believe in providing engineers with the business context they need and giving them the freedom and responsibility to define project scope, define/debate architecture, identify trade-offs, and figure out the implementation details.Our Culture: Lastly, but most importantly, we live by our values.What Sets You ApartYou’re passionate about writing elegantly designed, maintainable, performant software.You enjoy pushing the boundaries of what technology can do and exploring uncharted waters.You love to empower other engineers and strive to understand their use cases.Colleagues appreciate the unique perspectives and balanced views you bring to collaborations.You value the perspective of others when identifying solutions.You know there is rarely one ‘right’ solution, and you make thoughtful trade-offs.You understand that our goal is to solve problems, and a language, framework, or library is a means to an end.At Netflix, we carefully evaluate a wide range of compensation factors to arrive at your personal top of market. We rely on market indicators to guide compensation and consider your specific job, skills, and experience to get it right. These considerations can cause your compensation to vary and will also be dependent on your location.The overall market range for roles in this area of Netflix is typically $100,000 - $700,000.This market range is based on total compensation (vs. only base salary), which is in line with our compensation philosophy. Netflix is a unique culture and environment. Learn more here."
3695135152,"Engineering Manager - Artifact, Build, and Source team",Netflix,"Los Gatos, CAIt’s an amazing time to be joining Netflix as we continue to transform entertainment. We deliver billions of hours of movies and TV shows per month to more than 230 million members in over 190 countries. At Netflix, we aspire to entertain the world.At Netflix, we empower developers to take ownership and handle their creations throughout the entire software development lifecycle. We scale this approach through substantial investments in developer tooling, streamlining, and automating DevOps to minimize repetitive tasks.Within the Developer Platform organization, the Artifact, Build, and Source team’s mission is to provide Netflix Engineers with the tooling, infrastructure, and best practices required to efficiently and securely take source code through the build, test, and publication phases of the software development lifecycle.The OpportunityYou’ll Complete Their Integration By Defining a New Team Charter And Mapping Out Strategies To Address The Following Three DomainsThe Artifact, Build, and Source team was recently formed through a combination of two closely related but previously separate teams.Source Code ManagementProvide approachable and productive solutions for source code storage and distribution, source code search, and code review for thousands of Netflix Engineers around the world.Build InfrastructureProvide language-agnostic build infrastructure such as Continuous Integration, build metadata and diagnostics APIs, distributed build caches, and more.Artifact publication and distributionContinue to refine, secure, and expand our ability to publish, store, and distribute built artifacts to Netflix Engineers and services located around the world.What You Will DoDefine strategies for improving the productivity and user experience of our source code management and continuous integration offerings.Define how we measure the success and effectiveness of our products and drive the execution and continuous evaluation of those metrics.Create strong partnerships with Netflix engineers by creating continuous feedback loops that allow us to understand their problems better and address them in a highly leveraged manner.Ensure that our product evolution thoughtfully addresses product lifecycle and adoption/migration experience and provides clear guidance and recommendations to your teams.What We’re Looking ForExperience as an Engineering Manager of a developer tooling or Platform teamSuccess in developing high-performing teams and growing individual contributorsAbility to lead through change as the business evolves to take on new challengesProven track record of driving a product vision and strategy while leveraging strong cross-functional partnerships with Product Management, Technical Program Management, and our close partners.A healthy blend of deep technical knowledge with a customer-focused mindset and empathyDemonstrated passion for developer platforms, developer experience, tools, workflows, and infrastructureSuccess in leading large-scale migrations to completionDeep experience with Java, JavaScript, or Python or experience that spans multiple languagesStrategic thinker that can connect customer use cases to technology solutions and think holistically about end-to-end experienceAbility to manage a portfolio of bigger and smaller bets while balancing short-term goals and long-term visionComfortable applying a combination of qualitative and quantitative methods to define success Leverage product intuition and judgment to solve problems and make decisions without perfect informationExcellent written and verbal communication skills; timely communication with clear expectationsWe are an equal-opportunity employer and celebrate diversity, recognizing that diversity of thought and background builds stronger teams. We approach diversity and inclusion seriously and thoughtfully. We do not discriminate on the basis of race, religion, color, national origin, gender, sexual orientation, age, marital status, veteran status, or disability status.Our culture is unique, and we live by our values, so it’s worth learning more about Netflix culture."
3696156558,"Engineering Manager, Game Lifecycle Engineering",Netflix,"Bring your passion for games and engineering to help us achieve our next big objective, to reinvent video games on a global scale. Netflix fundamentally changed how the world watches television, with over 230 million members enjoying award-winning TV series, documentaries, and feature films. Join our team to help pioneer a next-generation video game platform.Game Lifecycle Engineering (GLE)GLE enables game studio partners to publish their games and to integrate with the Netflix Game Developer Platform (NGDP). The team works with game producers, technical account managers, and partner engineers to deliver “games workspace”, a product to manage the software development lifecycle for game builds and feature integration. The application is web-based with backend services and customer workflows. The team is full-stack to allow for rapid iteration.In this role, you willLead a team of highly capable software engineers to deliver outsized impact. A successful manager leads by role-modeling the Netflix culture.The following qualities and behaviors will help you thrive in the position:Drawing from video games experience will help to understand the domain quicklyLeverage 3-5 years of management experience to influence successful outcomes.Act like an owner with a bias-to-action mentality.Be a credible technical advisor by drawing from past work with complex software systems.Can effectively manage project execution both internally and cross functionally.Committed to building and maintaining healthy partnerships.Able to grow individuals and boost collective performanceCan articulate complex ideas and influence decisions.Prioritizes psychological safety to facilitate a healthy level of team engagementStrategic in thinking, can build a coherent vision for the future.Strives for high-quality and high-value results, able to negotiate what’s best for NetflixAt Netflix, we carefully consider a wide range of compensation factors to determine your personal top of market. We rely on market indicators to determine compensation and consider your specific job family, background, skills, and experience to get it right. These considerations can cause your compensation to vary and will also be dependent on your location.The overall market range for roles in this area of Netflix is typically $180,000 - $900,000This market range is based on total compensation (vs. only base salary), which is in line with our compensation philosophy. Netflix is a unique culture and environment. Learn more here."
3676108798,"Senior Generalist Engineer, Games Studio",Netflix,"Netflix is building a new internal game studio to incubate and build a new class of hilarious, social party video games.The Senior Generalist Engineer will work with a new cross-discipline core team to rapidly prototype and iterate towards a new game vision, building confidence on a great game prototype to eventually bring to full production and be available to Netflix members. A successful candidate will be able to establish workflows for other developers, integrate multiple platform technologies from external teams into our game project, build lower-level systems and content creation tools to support higher-level feature systems and help deploy and maintain our builds for both client and server.You’ll be joining a small, scrappy team with big ambitions, and an obsession to create memorable game moments that leave players telling their own stories for years to come. We’re looking for new teammates who care deeply about the experiences they create and the people they make them with. Those who bias towards action and are energized by the learning that comes with bold experimentation at an agile pace. As a part of Netflix, we strive to hire the best and value integrity, excellence, respect, inclusion, and collaboration. Now is an amazing time to join Netflix Game Studio as we seek to entertain our 200 million paid members in a really new way.ResponsibilitiesInfrastructure Pipelines: Support CI/CD for code and data changes for both client and server. Set build pipelines with external teams supporting Automation and Cloud.Platform Tech Integration: Research Netflix's own platform technologies and write code for integrating those into our game project. Come up with best practices for using them and guide other engineers with any edge cases or limitations. Be a representative when communicating with the Platform team.Dev Tools: Develop and maintain GUI, CLI, and web tools that will enable content creation for internal and external developers, and enable automated deployment of that content across client and serverRequirements5+ years experience as an engineer shipping multiple gamesExtensive knowledge with C# and .NET tech, make build vs buy decisionsFamiliarity with Unity or other game enginesFamiliarity with AWS or other cloud technologiesExceptional communication and cross-discipline collaboration skillsPassion for making video games, especially in a rapid, focused, smaller form vs multi-year investmentsBonus SkillsExperience building tools for content creatorsFamiliarity with CI/CD systems like JenkinsFamiliarity with ASP.NETLocationLos Angeles Preferred/RemoteAt Netflix, we carefully consider a wide range of compensation factors to determine your personaltop of market. We rely on market indicators to determine compensation and consider your specific job, skills, and experience to get it right. These considerations can cause your compensation to vary and will also be dependent on your location.The overall market range for roles in this area of Netflix is typically $100,000 - $350,000.This market range is based on total compensation (vs. only base salary), which is in line with our compensation philosophy. Netflix is a unique culture and environment. Learn more here."
3675916460,"Engineering Director, Developer Platform",Netflix,"It’s an amazing time to be joining Netflix as we continue to transform entertainment. We deliver billions of hours of movies and TV shows per month to more than 230 million members in over 190 countries. At Netflix, we aspire to entertain the world. Our Developer Platform enables Netflix engineering teams to rapidly build and create innovative experiences for our members and creators all around the globe.At Netflix, we empower developers to take ownership and handle their creations throughout the entire software development lifecycle. We scale this approach through substantial investments in developer tooling, streamlining, and automating DevOps to minimize repetitive tasks.Within the Platform Engineering organization, Developer Platform's mission is to optimize the impact of Netflix engineering teams throughout the entire software development lifecycle. We invest deeply in developer tooling, supporting their needs from project start to production operations. We offer comprehensive experiences for software development, delivery, operations, and maintenance. By providing reliable, high-performing, secure, and flexible developer tools, services, and infrastructure, we ensure Netflix can scale and adapt swiftly to meet business demands.We free Netflix engineers from the complexity of modern software development, allowing them to focus on creating world-class entertainment.The OpportunityThis Role Encompasses The Following DomainsWe are looking for an Engineering Director to drive the next evolution of our Developer Platform with best-in-class experiences that simplify and accelerate workflows that empower and delight software engineers. We strive to manage more for developers so they can innovate more for Netflix.Frontend Application Development (JavaScript/Node.js)Provide a world-class development experience for Frontend developers at Netflix by supporting the software development lifecycle for JavaScript libraries and Services.Backend Application Development (JVM Languages)Keep developers in the flow during application development by optimizing the inner development loop for our JVM ecosystem. Look holistically at the end-to-end experience through the entire lifecycle, from project initialization to ongoing operations and maintenance for backend application developers.Machine Learning & Data Science Ecosystems (Python)Provide a paved road for Python development as it is one of the three primary languages in use at Netflix and is fundamental to many critical business scenarios (machine learning, personalization, data science, experimentation, content-encoding, and more).What You Will DoDefine a durable vision and strategy for the Developer Platform organization while partnering closely with Product Management to maximize business and customer impact.Define how we measure the success and effectiveness of our products and drive the execution and continuous evaluation of those metrics.Create strong partnerships with our customers (Netflix engineers) by creating continuous feedback loops that allow us to understand their problems better and address them in a highly leveraged manner.Ensure that our product evolution thoughtfully addresses product lifecycle and adoption/migration experience and provides clear guidance and recommendations to your teams.Work closely with Technical Program Management to help evolve Platform Engineering’s customer engagement model, communication strategy, and prioritization and planning/roadmapping practices.What We’re Looking ForExperience at the Engineering Director levelA passion for developer platforms, developer experience, tools, workflows, and infrastructureDemonstrated success in developing high-performing engineering teams and growing people leadersAbility to lead through change as the business evolves to take on new challengesProven track record of driving a product vision and strategy while leveraging strong cross-functional partnerships with Product Management and Technical Program Management teamsA healthy blend of deep technical knowledge with a customer-focused mindset and empathySuccess in leading large-scale migrations to completionDeep experience with Java, JavaScript, or Python or experience that spans multiple languagesStrategic thinker that can connect customer use cases to technology solutions and think holistically about end-to-end experienceAbility to manage a portfolio of bigger and smaller bets while balancing short-term goals and long-term visionComfortable applying a combination of qualitative and quantitative methods to define success Leverage product intuition and judgment to solve problems and make decisions without perfect informationExcellent written and verbal communication skills; timely communication with clear expectationsWe are an equal-opportunity employer and celebrate diversity, recognizing that diversity of thought and background builds stronger teams. We approach diversity and inclusion seriously and thoughtfully. We do not discriminate on the basis of race, religion, color, national origin, gender, sexual orientation, age, marital status, veteran status, or disability status.Our culture is unique, and we live by our values, so it’s worth learning more about Netflix culture.At Netflix, we carefully consider a wide range of compensation factors to determine your personal top of market. We rely on market indicators to determine compensation and consider your specific job, skills, and experience to get it right. These considerations can cause your compensation to vary and will also be dependent on your location. The overall market range for roles in this area of Netflix is typically $330,000 - $1,800,000. This market range is based on total compensation (vs. only base salary), which is in line with our compensation philosophy."
3694380178,UI Software Engineer (L5) - Delivery Engineering,Netflix,"The Delivery Engineering team at Netflix is building Spinnaker, our Continuous Delivery platform, which facilitates Netflix in delivering billions of hours of movies and TV shows per month. The ability to rapidly and confidently deploy the code that directly affects the Netflix experience is a huge competitive advantage. Whether it's an internal tool, a new recommendation algorithm, or changing the UI to showcase Squid Game, teams across Netflix rely on Delivery Engineering's Continuous Delivery platform to make it happen.We are looking for senior software engineers to join our Delivery Engineering team. We’re eager to talk to you if you’re passionate about building software that enables developers to use the cloud more effectively, enables developers to deploy code to production, and accelerates developer productivity.What You Will DoBuild, improve, and optimize the UI experience in Spinnaker, Netflix’s Continuous Delivery platformPartner with product management, product designers, backend engineers, and UI engineers to define and refine the user experience for our continuous delivery platformCollaborate with stakeholders to understand their needs and use cases for continuous deliveryThe Skills We RequireGreat communication skills, both verbal and writtenExperience building web applications using JavaScript, HTML, CSSPassionate about user experience and have an eye for improving UIsDesire to work in a fast paced and dynamic environmentThe Skills We PreferExperience with React.jsPassion for intuitive user interfacesExperience with AWS, GCP, or similar cloud computing environmentOur culture is unique, and we live by our values, allowing you to do your best work and grow.We are an equal opportunity employer and celebrate diversity, recognizing that diversity of thought and background builds stronger teams. We approach diversity and inclusion seriously and thoughtfully. We do not discriminate based on race, religion, color, national origin, gender, sexual orientation, age, marital status, veteran status, or disability status.At Netflix, we carefully consider a wide range of compensation factors to determine your personal top of market. We rely on market indicators to determine compensation and consider your specific job family, background, skills, and experience to get it right. These considerations can cause your compensation to vary and will also be dependent on your location.The overall market range for roles in this area of Netflix is typically $90,000 - $900,000This market range is based on total compensation (vs. only base salary), which is in line with our compensation philosophy. Netflix is a unique culture and environment. Learn more here."
3694456483,"Manager, Audience & Marketplace Insights (Thought Leadership)",Netflix,"At Netflix, we want to entertain the world and are constantly innovating on how entertainment is imagined, created, and delivered to a global audience. We currently stream content in more than 30 languages in 190 countries, topping over 230 million paid subscribers.We recently launched a new ad-supported tier to offer our members with more choice in how they consume their content. Our new tier allows us to attract new members at a lower price point, while also creating a compelling path for advertisers to reach audiences that are deeply immersed.Our TeamThe core Advertising team is charged with building a new, best-in-class ads organization to establish Netflix as the premiere platform for advertiser partners and to drive advertising revenue. The ad measurement team is tasked with building best-in-class insights about our audience and marketplace measurement solutions for advertisers in support of our broader advertising sales efforts.The RoleNetflix’s Ad Measurement team is seeking a Manager of Ad Audience & Marketplace Insights to manage, hire and grow the day-to-day work of the audience research team. The successful candidate will work cross-functionally with sales, marketing, consumer insights, data science, and our vendor partners to identify and build solutions measuring Netflix’s audience consumption across the digital & TV ecosystem. If you are someone who is a self-starter, obsesses over details, and thrives in a collaborative environment, Netflix may be the place for you. For an insider's look at Netflix’s culture, make sure to read Seeking Excellence, our company credo.Key ResponsibilitiesLeverage proprietary and syndicated tools to create and present analyses for internal and external clients that tell Netflix’s audience story to the marketplace and advertiser clients.Support the Advertising Sales team with research and analytics, including but not limited to audience data, site metrics, normative data, and Netflix ad inventory.Collaborate closely with Consumer Insights teams and vendors to research evolving trends in consumer behavior. Translate this research into narratives that demonstrate Netflix’s ability to help brands reach consumersMine available information about trends in the advertising and media industries, including high-profile industry reports; collect and retain information that is meaningful to Netflix’s business and summarize relevant data into briefs and externally facing presentations.Research and analyze industries, companies, business models, and marketing strategies in key advertiser verticals such as CPG, Retail, Tech, and Telecom; Create market-facing insights that foretell emerging trends in these verticals.Contribute to the development of the research components of presentations for our go-to-market marketplace positioning, positioning vs. competitors, and any other ad hoc requests from the sales and marketing team.Manage and develop a team who will execute timely requests for custom media targets and audiences based on media briefs and RFPs.With the Sr. Manager, work closely with Ads Marketing and sales leaders to develop a roadmap for narratives that demonstrate the value of the Netflix audienceSkills & Experience7+ years media research experience at Streaming, TV, or digital media company.Strong understanding of methodology, data, and systems from syndicated research providers (e.g. comScore, Kantar, Nielsen), as well as direct digital technology and analytics.Must have a comprehensive understanding of the advertising and media business.A builder: able to thrive in a startup environment with ambiguity, and structure a global function and team for the future.Ability to build a good rapport with both internal and external clients; Collaborates effectively and embraces differing perspectives and experiences to make better decisions.Demonstrated ability to generate strategic insights from rigorous analysis.Must have excellent writing and presentation-building skills.Experience managing individual contributors.If you have a passion for entertainment and a desire to work in a fast-paced, innovative environment, we would love to hear from you. Come join us and help us entertain the world!At Netflix, we carefully consider a wide range of compensation factors to determine your personal top of market. We rely on market indicators to determine compensation and consider your specific job, skills, and experience to get it right. These considerations can cause your compensation to vary and will also be dependent on your location.The overall market range for roles in this area of Netflix is typically $200,000 - $700,000.This market range is based on total compensation (vs. only base salary), which is in line with our compensation philosophy. Netflix is a unique culture and environment. Learn more here."
3651462279,"Senior Manager - Country Lead, Production Finance - Korea",Netflix,"The Production Finance team at Netflix is responsible for estimating and managing the production costs throughout the lifecycle of each production and provides insight and analytics to inform decision-making. The team understands the operations of a production and guides each project through its financial workflows required for a successful launch on the service.We are looking for a Senior Manager to lead a country to join Netflix’s Production Finance team for Korea. This role will work closely together with Leaders in Production Management (consists of Physical Production, Post, VFX, Music) and cross-functional teams (Creative, BALA, CS&A, SS&A, Content Accounting and Tax) protecting company financial exposure through production oversight and controls.The Production Finance Manager will be tasked with supporting our continuously growing slate on a day-to-day basis and providing consistency for our internal and external partners.This Manager will be part of a highly aligned cross-functional and global team that moves quickly within a constantly changing environment. Additionally, as a county lead, this role requires a high level of people and stakeholders management skills within the country or globally.ResponsibilitiesComprehensive daily support for the Production Finance TeamWork effectively and decisively with the Netflix production management and broader team to manage third party production companies who are producing Netflix local contentImplementation of best practices of financial control and cash management for our partnersSkilled in estimating and analysisAnalyzing and reviewing cost reports and budgets for tracking throughout the life-cycle of a production, including communication with third party production companies on eventual variancesPresentation of project reports to internal cross-functional teamsFacilitate communication with external production accounting teamsInform internal cross-functional teams with project updatesAble to see opportunities for growth in our business and set forth clear plans for successRequirementsUniversity degree and a minimum of 15 years work experience in finance or accounting, or production in the entertainment industry.Bi/Multilingual proficiency with an emphasis on Korean and English.Proficiency in Excel and proven experience with various software applicationsStrong understanding of all of the financial elements needed to bring an original production to life. An ideal candidate needs to be familiar with everything included in a production budget.Knowledge in production accounting/financial systems commonly used globally such as Movie Magic and Global Vista or PSL will be advantageousAbility to identify potential hurdles for our productions and help to keep a project on trackThe ideal candidate must thrive in a fast-paced environment, possess a high level of intellectual curiosity, a focus on generating results and exhibit the highest personal and professional standards of integrity and ethics Candidates must be self-motivated, disciplined, highly organized, and able to prioritize multiple tasks High aptitude and enthusiasm for complex problem solvingStrong written and verbal communication skillsStrong soft skills in people management and growthPassion for entertainment and finance is a mustWe are an equal opportunity employer and celebrate diversity, recognizing that diversity of thought and background builds stronger teams. We approach diversity and inclusion seriously and thoughtfully. We do not discriminate on the basis of race, ethnicity, religion, color, place of birth, sex, gender identity or expression, sexual orientation, age, marital status, military service status or disability status.넷플릭스는 다양한 경험과 생각을 가진 구성원이 모였을 때 최고의 성과를 내는 팀을 만들어 갈 수 있다고 믿고 있습니다. 다양성과 포용성은 우리가 지향하는 기업 문화의 핵심 중 하나이며, 이것의 궁극적인 목적은 모든 직원이 역량을 마음껏 발휘하고 성장하며 기여할 수 있도록 환경을 조성하는 것입니다. 인재를 선별하는 과정은 이러한 목적을 달성하는 데 매우 중요합니다. 이에 따라 넷플릭스는 성별, 인종, 피부색, 국적, 종교, 성적 지향, 나이, 결혼 여부 등 모든 개인적인 배경과 상관없이 모두에게 평등한 기회를 보장하며, 공정한 과정을 통해 채용을 진행하고 있습니다.장애인 및 국가보훈 대상자는 관련 법령에 따라 우대합니다."
3491209735,Content Accountant - Japan,Netflix,"With over 230+ million paid memberships in 190+ countries, Netflix is changing the way we tell and share stories across the globe. We are growing rapidly, creating TV series, films, and documentaries in a diverse range of countries and languages around the world.Have you ever wondered how we account for content in our financial statements? Are you curious and invested in how to automate workflows for Accounting? Do you enjoy managing and analyzing large data that is used in critical business decisions? If yes, we are looking for you to join other stunning colleagues who share a passion to continue to build the premiere entertainment company in the world that is powered by technology.As part of our growing APAC Content Accounting team, this role provides you the chance to join a team that is committed to transforming the perception of what entertainment is and how it can be enjoyed through the Netflix service, and how to supplement that content through consumer products, music, or other off Netflix service distribution. With continued investment in a slate of content including original productions, content licensing, and international expansion, it's a great time for you to join Netflix.Like all great companies, we strive to hire the best and we value integrity, excellence, respect, inclusivity, and collaboration. What is special about Netflix, among other things, is our culture and our long-term view. Please spend time understanding our culture and strategy while you review our role qualifications below.Fundamentals of Accounting - You have a minimum of 4 years of experience in a financial accounting or public accounting role, backed by a Bachelor / Academic degree in accounting, business or economics. While not required, it's preferred that you have a CPA or an equivalent certificationWe find that individuals who quickly obtained Senior level at a studio or public accounting firm are more likely to be suited to this unique challenge. If you’re a Senior or a rising star Senior, we’d love to talk to you!Industry experience is not essential to the position if you are enthusiastic about the position, have a strong accounting background (such as experience with J GAAP, US GAAP or IFRS) and are capable of learning quickly.You have effective communication skills demonstrated through working with stakeholders.Attention to detail + love for data - We pride ourselves on producing high quality work, scrutinizing important numbers and formulas for accuracy, and using spreadsheets and system data to reconcile accounts and solve problems; we like our accountants to love Excel pivot tables and be unphased by large data sets.Enthusiasm and quick learning - Enthusiasm for making improvements to existing systems and workflows. Prior work with contract review (revenue, leases, or other complex documents), data entry and analysis, research, and other problem-solving tasks is helpful, but we understand you probably have never done content accounting. That's OK with us because we'll teach you as long as you're excited about learning.Curiosity and passion - Our team members ask probing questions, challenge the status quo, make changes to improve processes, and have fun while doing it all; a positive attitude and never settling for “good enough” are key, along with fitting into our unique company culture.Adaptable - You have to be comfortable in an ever-changing eco-system of content, finance and accounting issues and projectsFlexible to collaborate with our U.S. and other offices across multiple time zones. Willingness to travel to our offices within APAC and overseas .You embrace and advocate the Netflix culture and our long-term view.ResponsibilitiesBased in our Tokyo office, reporting to the Japan Finance Manager and closely working with the Content Accounting teams based in LA (as well as those in, EMEA and APAC).Part of the team responsible for the financial integrity of the company's content commitments, assets (capitalization), liabilities (payments), and expenses (amortization).Set up (in proprietary contract management system) and accounting of content license contracts, with focus on license fee uploads and payment term assignments.Review and documentation of content license agreements, which includes interpreting contractual terms and understanding the application of our accounting policies.Accounting for owned content produced for Japan.Maintain cross-functional relationships, including the content finance/international finance, tax, legal and acquisition organizations.As Netflix continues its original content expansion, the accounting and operational complexities are also growing. There are new challenges we're facing, and there's plenty of fun we're having. Come be a part of it and help make a positive impact!We are an equal opportunity employer and celebrate diversity, recognizing that diversity of thought and background builds stronger teams. We approach diversity and inclusion seriously and thoughtfully. We do not discriminate on the basis of race, ethnicity, religion, color, place of birth, sex, gender identity or expression, sexual orientation, age, marital status, military service status or disability status.Netflixは男女雇用機会均等法を順守しており、考え方や背景の多様性がより強力なチームを構築すると認識しています。Netflixは多様性・インクルージョンについて、真剣にかつ思慮深く取り組んでおり、人種、宗教、出身地、性別、性自認・性表現、経済状況、性的指向、年齢、婚姻状況、兵役、障がいの有無、その他の属性によって差別することはありません。Netflix Japan will not accept unsolicited resumes or applications from recruitment agencies, and we will not be responsible for any related fees. Please do not forward resumes to our career page or employees."
3694457394,"Administrative Assistant, PR - Korea",Netflix,"With Netflix's Korean content swooning over the world, it is an exciting time to join the team here. We are seeking a Korea-based Administrative Assistant to support our PR executive and another executive in Korea. The successful candidate will be self-motivated, proactive, quick-thinking, flexible, and able to juggle multiple and diverse responsibilities with unweaving attention to detail at all times. This is a team that travels and interacts with internal and external teams across several countries and time zones, so a high level of organization is a must. Someone who demonstrates significant initiative and inherently exercises good judgment will be most successful both in the role and at Netflix.Specific Responsibilities Include, But Are Not Limited ToProactively maintain calendars for multiple executives including scheduling and setting meetings that are internally and externally across different regions and time zonesPerform administrative duties such as processing travel (domestic/International), accommodation, visa application, expense reports, etcAssist and coordinate internal meetings and events including meeting preparation, digital document organization, and facilitating communication flow both with internal and external team membersMaintain a log to track projects and their statusIn addition, using creative problem-solving and innate organizational skills the ideal candidate may assume this role by adding value such as consist of chart and Google site creation and maintenance, digital tracking of information, proactive collaboration with internal stakeholders to facilitate information flow, implementing organization for information and documents, driving special projects within the team, and more.Qualifications And Requirements5+ years experience as an executive/administrative assistant supporting Director or aboveCollaborative team player who is able to operate and multitask in a fast-paced team-oriented settingAbility to be discrete and maintain confidential informationPositive attitude and proactive willingness to add valueAbility to prioritize, exercise good judgment and respond accordinglyAbility to be flexible and adapt to shifting priorities while reaching goalsStrong written and verbal communication skills in Korean and English Proficient in Google Mail & AppsMust be excited to learn about and strive in the Netflix cultureWe are an equal opportunity employer and celebrate diversity, recognizing that diversity of thought and background builds stronger teams. We approach diversity and inclusion seriously and thoughtfully. We do not discriminate on the basis of race, ethnicity, religion, color, place of birth, sex, gender identity or expression, sexual orientation, age, marital status, military service status or disability status.넷플릭스는 다양한 경험과 생각을 가진 구성원이 모였을 때 최고의 성과를 내는 팀을 만들어 갈 수 있다고 믿고 있습니다. 다양성과 포용성은 우리가 지향하는 기업 문화의 핵심 중 하나이며, 이것의 궁극적인 목적은 모든 직원이 역량을 마음껏 발휘하고 성장하며 기여할 수 있도록 환경을 조성하는 것입니다. 인재를 선별하는 과정은 이러한 목적을 달성하는 데 매우 중요합니다. 이에 따라 넷플릭스는 성별, 인종, 피부색, 국적, 종교, 성적 지향, 나이, 결혼 여부 등 모든 개인적인 배경과 상관없이 모두에게 평등한 기회를 보장하며, 공정한 과정을 통해 채용을 진행하고 있습니다.장애인 및 국가보훈 대상자는 관련 법령에 따라 우대합니다."
3676741908,"Specialist, Awards Submissions (Series)",Netflix,"SERIES AWARDS - SUBMISSIONS (LEAD)The Awards team is looking for a dynamic senior level professional to join Series Awards. The ideal candidate will be well versed in awards submission across television genres including but not limited to dramas, comedies, unscripted and young adult programs, across multiple awards races.The RoleThe submissions role provides consultation and support to the strategy team including managing logistics for all series submissions. They liaise with publicity, marketing, content and legal teams on submissions execution, track all submissions activity, manage agencies to ensure logistical x-functional support and implementation of submission strategy. They will work very closely with credits and legal teams on deal points and structure as it relates to Awards. They are extremely detail oriented and have the ability to manage a high volume of production assets.They have a strong knowledge of the awards landscape, an intimate knowledge of rules and regulations across multiple awards races, an analytical approach to submissions that supports the strategy, strong coordination ability of print and AV assets and more. They are able to communicate effectively with internal and external stakeholders. They possess strong managerial skills.QualificationsStrong knowledge of Guilds and Academies including but not limited to ATAS, SAG, PGA, WGA, DGA and moreStrong execution and tactical functionality A working knowledge of contracts and legal terminologyAbility to stay highly-aligned with multiple cross-functional teams Strong asset management skills Ability to prioritize a heavy workloadPersonality AttributesHigh energy, motivated, and a capacity to work in a very fast-paced environmentSelf starter with exceptional follow through, organization, and attention to detailExcellent problem-solving skills and can multitask and prioritize a high-volume workload Excellent verbal and written communication skillsStrong curiosity about the television industryAt Netflix, we carefully consider a wide range of compensation factors to determine your personal top of market. We rely on market indicators to determine compensation and consider your specific job family, background, skills, and experience to get it right. These considerations can cause your compensation to vary and will also be dependent on your location.The overall market range for roles in this area of Netflix is typically $80,000-$180,000k.This market range is based on total compensation (vs. only base salary), which is in line with our compensation philosophy. Netflix is a unique culture and environment. Learn more here.See Who We Are and what our Culture is like."
3696235006,Creative Operations Manager LATAM,Netflix,"The Creative Operations Manager in LATAM creates and manages the overarching Production Plan for the region. The role oversees the slating, routing and budget tracking for Creative Production as a whole. They provide a bird’s eye view of the Creative Production slate and communicate with all stakeholders to reinforce CP-wide goals and slating strategy.Responsibilities-The role is equal parts strategic thought leadership, production business management and hands-on workflow implementation/management.We Are Looking For Someone Who WillLearn and become fluent in all Creative Production workflowsManage the routing pipeline as intended by the Production Planning team with internal stakeholders and external production partnersField and prioritize project requests from cross-functional partners for the internal creative team.Resource for the internal creative team by taking creative needs, project scope, timeline, and budget into considerationManage contingent talent and/or external agencies when assigned to title-level workTrack and report on resource allocation, burn hours, etc. to Netflix leads Track and implement Creative Production budgeting and planning effortsCommunicate with production partners as needed to ensure the consistency of day-to-day workflows.Partner with Production Planning on the implementation of project management tooling and workflow executionPartner closely with Producers and Creatives to ensure seamless execution of projects from end-to-end.Optimize existing workflows and develop new, scalable ones to ensure the production of high-quality creative at the appropriate velocityCommunicate learnings to other regions in order to improve existing operationsThink regionally first, while understanding and upholding global best practicesOur Ideal Candidate Would Exhibit The FollowingRegional expertise and experience working in the marketUnderstanding of regional needs and nuances.Familiarity with regional vendors and agencies in the post-production spaceExtensive production experience across AV, Design, and Creative workflows.Strong project management background managing high asset volume projectsStrong operational skills, specifically when running day-to-day workflows, allocating talent, and overseeing production pipelinesAbility to work both independently and collaboratively with cross-functional partners depending on the needs of a project and in a fast-paced environment.Strong ability to communicate complex workflows or concepts in a simplified mannerAbility to forecast budget, needs and workload across multiple production teamsExperience working and communicating with creatives ie. Editors, designers, motion graphics artists, etcExpert knowledge in post-production scheduling and budgeting software."
3677026323,Software Engineer (L4) - Android Player,Netflix,"The Android Player team is responsible for the video playback experience on our Android application that millions use daily to connect with the stories they love whenever and wherever they want. In the last year, we've expanded to support new exciting use cases such as live streaming and seamless advertising. We are looking for a software engineer to join our team to help us deliver on the video playback challenges ahead.As an Android Playback engineer, you'll join a team with a diverse set of technical skills who partner cross-functionally with our product, device security, encoding, and data science teams. We also work closely with Google, silicon vendors, and device manufacturers to ensure a best in class experience across a wide range of Android devices.People who excel on our team are self-motivated, intensely curious, selfless, and highly collaborative. A big part of our ability to drive global growth comes from fostering inclusion and building diversity within our team. Our team is made up of engineers who come from a wide variety of backgrounds and disciplines. We believe the plurality of experience, opinions, and skills within our team is responsible for our success.What sets you apart?You are self-motivated and proactively look for solutions to bridge the needs of the business with technologyYou go deep to understand problems and identify the root causeYou use data to inform your intuition and choicesYou seek alternate perspectives to improve your ideasYou make time to help colleagues across the company succeedWhat skills are important to us?Strong software architecture skill set, and skilled in both Java and KotlinExperience with multithreading programming and memory managementSolid understanding of Android's media stack and Exoplayer open-source projectComfortable analyzing data to gain insights that drive improvements in app qualityExperience writing automated tests and using them to power short feedback cycles in a continuous integration environmentSome experience with A/B testing, and developing experiments to test your hypotheses to improve app performanceWhy Netflix?Work with other high-performing engineers where you will be constantly learning and sharpening your skill setWe validate our judgment through AB testing with real customers instead of assuming we know what is bestYour work will have a direct and measurable impact on the businessOur culture is unique, and we live by our values, so it's worth learning more about us at jobs.netflix.comAt Netflix, we carefully consider a wide range of compensation factors to determine your personal top of market. We rely on market indicators to determine compensation and consider your specific job, skills, and experience to get it right. These considerations can cause your compensation to vary and will also be dependent on your location.The overall market range for roles in this area of Netflix is typically $100,000 - $700,000This market range is based on total compensation (vs. only base salary), which is in line with our compensation philosophy. Netflix is a unique culture and environment. Learn more here."
3671515703,"Manager, Photo & AV Studio, Brazil",Netflix,"Are you an entertainment fanatic? Do you have a deep passion for photography and audio visuals and like telling impactful stories through these mediums? Does the thought of working with the industry's greatest talent from on-screen and behind-the-camera inspire you? Can you combine creative brilliance with expert project management?The Team You will be JoiningNetflix Photo & AV Studio specializes in capturing imagery that shapes, enhances and supports our Publicity, Marketing and Product campaigns for our Netflix Original content including series, films, and documentaries in Latin America. At its heart, Photo & AV studio is helping tell stories with photo and video creative from the productions of the shows and films we make. It is responsible for on-set creative coverage during all phases of a title’s production that is then strategically placed across the region with our cross functional partners.The RoleThe Photo & AV Studio Manager will lead on-set coverage strategy of Brazil Original title productions including series, films, documentaries, docu-series and comedy specials.We are seeking an individual to lead strategic photography and audio visual campaigns driven by creative materials such as - unit photography, social, editorial, gallery photo shoots, event photography, behind the scenes interviews, featurettes as well as press and editorial facing assets. This role spearheads all photography and AV capture on set during productions of Netflix Original Content. This is achieved by utilizing knowledge of tv/film productions, talent and filmmaker relations to help enhance Publicity, Marketing and Product campaigns across the LATAM markets. In addition, the role supports event photography and av capture as part of the strategy on title campaigns.The role requires a high level of creativity, an inquisitive and innovative personality as well as a strong project management background. A team player with a positive attitude and willingness to be flexible and get the job done is essential, as is the ability to strategically plan and execute multiple projects simultaneously. In addition, cross-functional partnerships across multiple departments — from publicity to marketing to product and content as well as show production, talent reps, and external photographers, videographers and producers throughout the lifecycle of a campaign, are required.This candidate must be extremely well organized, creative, a succinct communicator, a team player and thrive in a fast-paced environment. They must be self-motivated, possess integrity and able to work autonomously across multiple teams. The ideal candidate will use sound judgment to make wise decisions, think strategically and drive their colleagues to do the same.This job is based in Alphaville, Sao Paulo, Brazil and reports to the Photo & AV Studio LATAM leader.Responsibilities Of The Role IncludeDevelop and execute a photography and AV on set capture strategy, per project/title, to capture, produce and utilize impactful visual assets to enhance and support the publicity, social, and marketing campaign throughout its lifecycleRead scripts, plan, hire and oversee unit photographers and video crews to obtain the best on set creative of our Local Language OriginalsLead communication with show production, lead campaign publicist, marketing/social teams, showrunners/filmmakers and talent representatives Produce out of character editorial photography with Netflix talent on certain campaignsAssist with the asset management and distribution of photographic/AV materialsOversee retouching of unit and editorial photographyManage talent approvals on all unit and gallery photographyOversee photography needs for premieres and eventsManage budgets and negotiate rates with third-party vendorsInnovate and build engaging narratives that tell the story behind the storyConduct in-depth interviews with on-screen and off-screen talent to uncover and build assets that elevate the campaignMeet the photography and video needs for premieres, events and photoshootsSkills And Requirements8+ years of experience as a content creator at an entertainment, lifestyle media houseWork experience in Marketing & Communications, at an entertainment or production companyStrong creative eye with a keen understanding of visual storytelling in the service of audience-first communication strategiesUnderstand and have contacts in the photography and video industries in BrazilKnowledgeable of photo and AV specs & formatsExtensive knowledge of Adobe Suite including Photoshop and Pro is preferredFluency in Portuguese and English is required"
3560071718,"Manager, Post Production, Live Action - Japan",Netflix,"We are seeking an experienced Post Production Manager based in Japan to help manage our Japanese original and licensed contents. This person will actively reach out to both external partners and internal cross functional teams to manage the titles to get them launched as planned while maintaining vendors and editorial crew relations, creating budgets, managing schedules, and troubleshooting technical and workflow issues.The RoleThe successful candidate will be self-motivated, proactive, quick-thinking, flexible and able to pivot when necessary. S/He will be thorough and able to juggle multiple and diverse responsibilities with a strong emphasis on organization and an unwavering attention to detail at all times.This is a demanding and fast moving position that requires someone who is a positive thinker and able to exercise good judgment. The role will focus on supporting Japanese-Language Live Action content that is created and finished in Japan.The specific responsibilities are included, but not limited to what is listed below.Technical Setup Of ShowWork with Studio Technologies, Post & external production team on defining post technical workflows such as HDR color pipeline, editorial setup, sound design, collaboration with both Music & VFX teams, IMFmaster delivery, and final archive.BudgetingWork to prepare and vet show budgets and schedules, providing feedback internally and externally on viability and risksReview creative/scripts & begin defining post budgetCollaborate with internal/external teams to lock budgetTrack & manage all post related costs, keeping stakeholders apprised of statusPost SchedulingCreate/Help inform and draft post scheduleCollaborate with internal teams & external production teams to lock in the schedule and target launch date of the titleTroubleshoot and communicate all changes to schedule to internal/external teamsStaffing/VendorsLead or assist with search and hire of key show post staffDetermine key post vendors to accommodate creative vision, relationships, budget needs, location issuesHelp maintain/curate preferred vendor listStrategyConsistently think of the mid / long term strategy to improve the execution of the entire post production work for Netflix.Qualifications Native fluency in Japanese is required and business level of English is preferred 10 Years + as an experienced Post Production Producer, Supervisor or ManagerAbility to handle a fast paced environment supervising several projects in various points of production (from development through delivery)Familiar with the current trends and post production workflowsAbility to respond after hours for important, timely or urgent mattersTeam-player who operates in a fast paced team-oriented settingAbility to be discrete and maintain confidential informationWillingness to continue learning and drive innovationStrong written and verbal communication skills and the ability to multitaskWe are an equal opportunity employer and celebrate diversity, recognizing that diversity of thought and background builds stronger teams. We approach diversity and inclusion seriously and thoughtfully. We do not discriminate on the basis of race, ethnicity, religion, color, place of birth, sex, gender identity or expression, sexual orientation, age, marital status, military service status or disability status.Netflixは男女雇用機会均等法を順守しており、考え方や背景の多様性がより強力なチームを構築すると認識しています。Netflixは多様性・インクルージョンについて、真剣にかつ思慮深く取り組んでおり、人種、宗教、出身地、性別、性自認・性表現、経済状況、性的指向、年齢、婚姻状況、兵役、障がいの有無、その他の属性によって差別することはありません。Netflix Japan will not accept unsolicited resumes or applications from recruitment agencies, and we will not be responsible for any related fees. Please do not forward resumes to our career page or employees."
3671519326,Software Engineer (L4/L5) - Delivery Engineering,Netflix,"Location: Los Gatos, CA, or US Remote only.It’s an amazing time to be joining Netflix as we continue to transform entertainment. We deliver billions of hours of movies and TV shows per month to more than 230 million members in over 190 countries. At Netflix, we want to entertain the world. To achieve this, we must be able to rapidly build and ship innovative experiences for our members and creators all around the globe.Who We AreThe Delivery Engineering team at Netflix is building Spinnaker, our Continuous Delivery platform, which facilitates Netflix in delivering billions of hours of movies and TV shows per month. The ability to rapidly and confidently deploy the code that directly affects the Netflix experience is a huge competitive advantage. Whether it's an internal tool, a new recommendation algorithm, or changing the UI to showcase Squid Game, teams across Netflix rely on Delivery Engineering's Continuous Delivery platform to make it happen.We are looking for senior software engineers to join our Delivery Engineering team. We’re eager to talk to you if you’re passionate about building software that enables developers to use the cloud more effectively, enables developers to deploy code to production, and accelerates developer productivity.What you will doWork on Spinnaker, Netflix’s Continuous Delivery platformHelp us evolve our continuous delivery platform by building new features and collaborating with internal partners and stakeholdersCoordinate and scale the build and cloud deployment systems across all product development teams at NetflixThe skills we requireGreat communication skills, both verbal and writtenRelevant software engineering experience (working on distributed systems)Experience with Java or other JVM languagesExperience and comfort with modern relational and non-relational databasesA curious mind with a bias toward learningNice to have skillsExperience with AWS, Google Cloud, Microsoft Azure, or similar cloud environmentsExperience building and managing automated build/test/deployment environmentsExperience building and operating Kubernetes controllersOur culture is unique, and we live by our values, allowing you to do your best work and grow.We are an equal opportunity employer and celebrate diversity, recognizing that diversity of thought and background builds stronger teams. We approach diversity and inclusion seriously and thoughtfully. We do not discriminate based on race, religion, color, national origin, gender, sexual orientation, age, marital status, veteran status, or disability status.At Netflix, we carefully consider a wide range of compensation factors to determine your personal top of market. We rely on market indicators to determine compensation and consider your specific job family, background, skills, and experience to get it right. These considerations can cause your compensation to vary and will also be dependent on your location.The overall market range for roles in this area of Netflix is typically $90,000 - $900,000This market range is based on total compensation (vs. only base salary), which is in line with our compensation philosophy. Netflix is a unique culture and environment. Learn more here."
3671057774,Zendesk Administrator (HR Shared Services),Netflix,"Netflix is one of the world's leading entertainment services with 238 million paid memberships in over 190 countries enjoying TV series, films and games across a wide variety of genres and languages. Members can play, pause and resume watching as much as they want, anytime, anywhere, and can change their plans at any time.As Netflix grows globally, we continue to look for the best and brightest talent to scale with our growth. This position is part of Talent Experience Operations' (TEO) HR Shared Services, which is a centralized team responsible for delivering services at scale, from pre-hire to offboarding, globally. We are looking for a Zendesk Administrator who will be responsible for the setup, customization, and troubleshooting of our Zendesk instance. This role will execute the day-to-day configuration, support, and improvement of the platform. Have a passion for customer service and understands the complexities of customer support solutions.Key ResponsibilitiesHandle all basic administrative functions, including user account maintenance, custom fields, workflows, custom views, triggers, and automationsConfigure all aspects of Zendesk Suite such as Agent Workspace, Tickets, Help Center, AnswerBot, Knowledge Base, Reporting & AnalyticsDesign Zendesk to handle multi-tiered correspondenceAssess existing Zendesk configuration and rebuild as needed to optimize efficiency without interrupting day to day operationsWork with various stakeholders to improve workflows and user experienceImplement and support new system roll outs as well as required maintenance and upgrades in addition to recommendations for process improvementsResponsible for the overall data quality in Zendesk. You will monitor and use performance data to identify pain points and efficiency opportunitiesProject management of any implementation or initiative that drives Zendesk utilization or improves end-user experienceSkills & Experience3-5 years of direct Zendesk administration experience with in-depth knowledge of ticketing, live channel support systems, and API/App integrationsExperience with configuring all aspects of Zendesk Suite including Support, Chat, Guide, ExploreBasic understanding of webhooks and connecting to external applicationsStrong data management, project management, and problem-solving skillsStrong critical thinking and analytical skillsProven ability to to deal with ambiguity in a rapidly changing business environment, resolve problems and offer impacting solutionsExcellent written and verbal communication skillsZendesk Certification and experience with programming languages such as HTML/CSS is a plusWe are an equal opportunity employer and celebrate diversity, recognizing that diversity of thought and background builds stronger teams. We approach diversity and inclusion seriously and thoughtfully. We do not discriminate on the basis of race, ethnicity, religion, color, place of birth, sex, gender identity or expression, sexual orientation, age, marital status, military service status or disability status."
3609310083,"Software Engineer (L5) - TV Platform, Automation & Tooling Development",Netflix,"We’re part of the organization that develops and qualifies the tech for our flagship Netflix TV application; AKA the app that reinvented how people watch television! We work hand-in-glove with developers that implement bleeding-edge features on top of a hybrid C++/JavaScript (v8) stack which drives our Netflix UI and UX on TVs, streaming devices, and Gaming Consoles.We’re looking for an enthusiastic engineer who takes pride in the work they do, has a test-to-break mentality, relishes in solving ambiguous problems, and has a strong desire to automate just about everything.About UsWe’re a team of diverse engineers who’ve co-designed the automation infrastructure for TVs and help solve gnarly engineering challenges. We’ve recently redesigned our app architecture to unlock faster software updates on consumer electronic devices; something we’ve not ever attempted before in this space! This exciting change introduces new challenges and also plenty of opportunities for members on the team to learn and grow new skills.Problems you will solveYou will architect scalable solutions for a wide range of problems such as designing services to support our new TV upgrade model, developing automated tests for features on consumer electronic devices, and improving dev tool ergonomics for a consistent engineering experience.This role is right for you ifYou have 4+ years of experience coding in JavaScript/Typescript. It’s beneficial if you have experience developing user interfaces using React/Angular, but not required.You have a solid understanding of networking and web browser technologies (REST, WebSockets, SSE, pubsub, etc…), and apply TDD using testing frameworks (Chai, Mocha/Jest, etc…)You are test-focused and embrace the idea of developing solutions to improve the lives of people around you.You thrive by collaborating with multiple teams and use your communication skills to influence product direction.You are eager to learn how web technologies are used and deployed on embedded devices like Smart TVs.What makes us differentOur freedom and responsibility culture is unique and we live by those valuesYou will have a direct and lasting impact on our user experience which is used by tens of millions of people every day. When your friends and family ask you what you do for a living, you can point to Netflix running on their TV and say with pride “I make that possible.”We pay top of market compensation. We want the best and brightest people and we will pay them accordingly.At Netflix, we carefully consider a wide range of compensation factors to determine your personal top of market. We rely on market indicators to determine compensation and consider your specific job family, background, skills, and experience to get it right. These considerations can cause your compensation to vary and will also be dependent on your locationAt Netflix, we carefully consider a wide range of compensation factors to determine your personal top of market. We rely on market indicators to determine compensation and consider your specific job, skills, and experience to get it right. These considerations can cause your compensation to vary and will also be dependent on your location.The overall market range for roles in this area of Netflix is typically $100,000 - $700,000.This market range is based on total compensation (vs. only base salary), which is in line with our compensation philosophy. Netflix is a unique culture and environment. Learn more here."
3592348616,"Program Manager, Renewable Energy & Carbon Credit Procurement",Netflix,"We are open to this role being remote anywhere across the globe, not just in the US!**Netflix is the world's leading streaming entertainment service with over 230 million paid memberships in over 190 countries enjoying TV series, documentaries, feature films and mobile games across a wide variety of genres and languages. Members can watch as much as they want, anytime, anywhere, on any Internet-connected screen. Members can play, pause and resume watching, all without commercials or commitments. Visit our culture memo and long-term view to learn more about Netflix and how we work.Netflix Sustainability serves to tackle our carbon footprint at the speed prescribed by climate science, raising awareness through our film and television content, and engaging our millions of members on climate & environmental change. See more at sustainability.netflix.com.The OpportunityLeveraging Netflix’s innovative and fast paced culture, help Netflix attain its public climate targets to cut our emissions in half by 2030 and (as of 2022), to annually bring our remaining net carbon footprint to zero by investing in the power of nature to capture carbon.ResponsibilitiesReporting to Director of Sustainability & Operations, this role will work closely with senior team members to manage the company’s investments in carbon credits and renewable energy, including but not limited to:Maintaining a balanced, diverse portfolio of high-quality carbon credits essential to our second public climate targetStructuring buy-forward deals that help project developers bring new high-quality credits to market in areas called for by climate science (e.g. blue carbon)Vetting the quality of carbon credits against our 5 screening criteria (p19 of our ESG report)Negotiating for reasonable pricing directly with project developersMatching the volume of tons retired in a given year to the annual carbon footprintContributing to scientific- and NGO-led efforts to scale high-quality credit sources and procurement practices thereof (e.g. BASCS)Supporting renewable energy purchases, ranging from annual EAC purchases to project specific investment opportunities: Structuring and leading competitive procurements (RFIs/RFPs)Liaison with vendor and project developersConduct emissions analysis and synthesize procurement recommendations for decision-maker considerationPartner with finance teams to conduct project-level financial analysis Data tracking and systems maintaining for required annual footprint and emissions reductions accountingQualifications5 years of experience with carbon credit procurement2+ years with renewable energy procurement (familiarity with voluntary RE markets a plus)2+ years of experience with sourcing, structuring, and executing deals in carbon credits and/or renewable energy Experience collaborating with the carbon credit and renewable energy communities (coalitions, research groups, policymakers, vendors, 3rd party certifiers, etc)Proven experience with the best 3rd party standards responsible for ensuring additionality, permanence, non-leakage, realistic baselines, and no double countingExperience in portfolio management of:Carbon credits in both reductions and removals with emphasis on nature-based solutions of high integrity and optimal ‘co-benefits’ (i.e. community livelihoods, water, biodiversity)Renewable energy investments, including direct sourcing, utility-based supply programs to bundled and unbundled creditsAt Netflix, we carefully consider a wide range of compensation factors to determine your personal top of market. We rely on market indicators to determine compensation and consider your specific job, skills, and experience to get it right. These considerations can cause your compensation to vary and will also be dependent on your location.The overall market range for roles in this area of Netflix is typically $60,000 - $290,000This market range is based on total compensation (vs. only base salary), which is in line with our compensation philosophy.Netflix is a unique culture and environment. Learn more here."
3631809668,"Product Manager, Partner Integration Enablement",Netflix,"At Netflix, scaling to connect 230+ million people in 190 countries with TV series, movies, and games requires not only great content, but also strategic partnerships and product integrations that make it easy to discover and enjoy Netflix. On our Partner Product team, we work with many stakeholders to tackle opportunities and problems encountered in entertaining the world. We’re looking for skilled product leaders who can both effectively evolve Netflix experiences and help technically shape the future of entertainment through partners, globally.As a product manager for Partner Integration Enablement, you will work closely with cross-functional stakeholders to influence how we integrate various Partner products (such as Partner Payment capabilities or experiences in our Partners UIs) with platform partners (such as Google, Amazon, and Roku), as well other global and regional consumer electronics (Sony, Samsung, TCL) and operator (Comcast, Telefonica, Sky, Orange) partners.Applying both qualitative feedback and quantitative metrics to guide decisions and measure success, you will be responsible for driving requirements for effective end-to-end product integration workflows, and delivering them alongside our engineering/other relevant teams to internal stakeholders and partners. You’ll drive a product roadmap that aids in API development, partner configurations of products, platform evolutions, stakeholder tools, and integration testing amongst many types of enhancements. Success in this role will rely heavily on strategic thinking, technical prowess, and the ability to influence a broad set of stakeholders. Developing efficiently paved roads for partner implementation, creating authoritative data systems, and effectively scaling your colleague’s operational output are key objectives. We are looking for someone who has scaled API or partner/client-oriented products in a highly cross-functional environment.This is a dynamic role with a tremendous impact on how current and future members around the world will discover, watch, and pay for Netflix content. Be sure to review our culture page (here) and long-term view to learn more about the unique Netflix culture and the opportunity to be part of our team.What You Will DoServe as an end-to-end owner of standardizing partner integration onboarding, configuration, testing, launch, documentation, learning/training, and post-launch data managementMake decisions that are partner empathetic - consider adjacent but relevant product concerns such as security, privacy, and/or fraud - and manage organizational costsCollaborate in the development of requirements for partner-facing APIs - enabling new partner and member experiences for delivery and scaling of products that enhance Netflix membershipDefine partner metadata strategies aligned with Netflix strategic principles to ensure continuity across data structures - enabling both internal and partner-relevant workflows relevant to partner devices, payments, user interfaces and moreDrive requirements for the creation of partner and internal tooling and systems for execution (e.g., test tools, dashboards, developer portal capabilities)Measure effectiveness, and provide data-driven technical product and partner policy choicesLead a team of stunning colleagues across design, engineering, consumer insights, and data science to deliver outstanding products to our customers.Qualifications5+ years of experience as a Product ManagerSuccessful work with Partnerships, API Integration, Distributed Systems and/or similar fieldsProduct management experience with a proven record of prioritizing and successfully launching impactful products or platforms.Proven track record of managing and evolving a product portfolio and/or driving product vision and strategyStrategic thinker with a healthy blend of deep technical knowledge with a customer-focused mindset and empathyAbility to inspire, motivate and lead a cross-functional team - your ability to build strong relationships and influence several role types and functions is critical to success.Comfortable applying a combination of qualitative and quantitative methods to define successInsatiable curiosity to learn new domains, keep up with industry innovation, and constantly ask ‘why’Excellent written and verbal communication skills; timely communication with clear expectations At Netflix, we carefully consider a wide range of compensation factors to determine your personal top of market. We rely on market indicators to determine compensation and consider your specific job, skills, and experience to get it right. These considerations can cause your compensation to vary and will also be dependent on your location.The overall market range for roles in this area of Netflix is typically $80,000 - $550,000.This market range is based on total compensation (vs. only base salary), which is in line with our compensation philosophy. Netflix is a unique culture and environment. Learn more here."
3670819826,Software Engineer L5 - Consumer ML Core,Netflix,"With more than 230 million members in over 190 countries, Netflix continues to shape the future of entertainment around the world. Machine Learning/Artificial Intelligence is powering innovation, from personalization for members, to optimizing our payment processing and other revenue-focused initiatives.The Machine Learning Platform (MLP) department provides the foundation for all of this innovation. It offers ML/AI practitioners across Netflix the means to achieve the highest possible impact with their work by making it easy to develop, deploy and improve their machine learning models.As part of our mission to support the infrastructure for machine learning, we are hiring a Software Engineer to join the Consumer ML Core team with a focus on our in-house fact store, offline data processing & feature generation tools and cluster integrations for large-scale Spark computing jobs.In This Role, You WillSolve complex and cross-cutting challenges for data enablement that allow ML researchers to leverage new data sources in their research and improve performance for backfilling & generating data for ML workflows.Identify and resolve user pain points and user experience improvement areas by building and improving tools for offline feature generation, online fact logging, and integration points for model training and evaluation metrics.Proactively identify migration, secure access, operational and support requirements. Serve as a leading contributor to operational excellence for the team.Ramp up and join the team’s on-call rotation to ensure system stability and timely user support.Leverage your experience and judgment to identify system improvements, tech debt elimination opportunities, and future integrations that evolve the platform for ever-growing research data needs.What We OfferOpportunity for impact. We are not seeking someone to assimilate into the way things have always been done. Your voice, experience, and technical opinion will have significant weight in team decisions. Our product is used by several dozen ML researchers and hundreds of ML pipelines. Your work will have high visibility and opportunity for new capability enablement, compute & storage cost improvement, performance wins, and tools for better research user experience.Responsibility. Netflix offers true transparency and autonomy. Our culture is unique and is key to how we innovate. You will be given high-level descriptions of the problems our users most need you to solve and given the space and freedom to drive solutions.Learning and Growth. You will be creating ML developer tools and user experiences that have never been done before. You will have the opportunity to work with stunning colleagues who value collaboration and have a wealth of experience you can tap into for support, guidance, and partnership. You can grow your career and find the areas you are passionate about by exploring what ML Platform offers across a wide variety of projects.Who will be successful in this role?You are highly customer-driven and empathic. You strive to always focus on delivering business value with an excellent customer service mentality.You have a track record of delivering solutions that your stakeholders love. You drive development & operational success from planning to implementation to delivery.You are eager to go deep and wide on ML-facing projects. When a project needs deep technical expertise in a domain area, you are able to get up to speed quickly. When projects require breadth of focus, you are eager to do what’s needed to deliver value even if it means going outside of your comfort zone.Technical RequirementsSignificant individual contributor and project-leading experience in building big data systems and feature engineering frameworks, including experience with JVM technologies and Spark.Experience operating high throughput online data processing services & time-sensitive offline data processing pipelines, handling late arriving data, managing schema compatibility, debugging data query performance, and recovering from data outages.Experience working in on-call rotations supporting customers, responding to system outages, and developing incident retrospective materials to learn and improve from failures. Our system does not traditionally have a high on-call burden, but team expectations include participating in operational support to ensure the system keeps running smoothly and responding proactively to user requests for support on bugs, unexpected errors, and usability challenges.Software design and user-facing API development experience, such as creating and maintaining client libraries for logging and querying data from data platform systems.SkillsDemonstrated experience in software development for complex data-driven applications and machine learning systems (prior experience in feature stores, fact stores or ML-facing data engineering is a strong plus).Strong technical writing ability (RFCs, memos, technical presentations). Ability to motivate shared buy-in and understanding. Ability to drive pragmatic decisions and disagree & commit when necessary. Empathic approach to collaboration and learning from mistakes.Advocacy for operational best practices and experience establishing necessary observability, logging, telemetry, reporting and on-call processes to support engineering excellence.Experience judging trade-offs between priorities, speed of delivery, tech debt and architectural complexity. Proactive approach to tracking project status, keeping stakeholders and teammates informed, and striking a good balance between process overhead and efficiency.Experience (or strong interest in) designing developer tools, CLIs, and APIs that interact with complex user workflows and backend systems, especially for end-to-end workflows that generate feature data for large ML pipelines.At Netflix, we carefully consider a wide range of compensation factors to determine your personal top of market. We rely on market indicators to determine compensation and consider your specific job, skills, and experience to get it right. These considerations can cause your compensation to vary and will also be dependent on your location. The overall market range for roles in this area of Netflix is typically $100,000 - $700,000.This market range is based on total compensation (vs. only base salary), which is in line with our compensation philosophy. Netflix is a unique culture and environment. Learn more here."
